{
    "TestType":  "All",
    "TotalTests":  144,
    "PassedTests":  77,
    "FailedTests":  67,
    "SkippedTests":  0,
    "PendingTests":  null,
    "Duration":  {
                     "Ticks":  214840728,
                     "Days":  0,
                     "Hours":  0,
                     "Milliseconds":  484,
                     "Minutes":  0,
                     "Seconds":  21,
                     "TotalDays":  0.00024865825,
                     "TotalHours":  0.005967798,
                     "TotalMilliseconds":  21484.0728,
                     "TotalMinutes":  0.35806788,
                     "TotalSeconds":  21.4840728
                 },
    "Success":  false,
    "ExecutionTime":  {
                          "Ticks":  223923655,
                          "Days":  0,
                          "Hours":  0,
                          "Milliseconds":  392,
                          "Minutes":  0,
                          "Seconds":  22,
                          "TotalDays":  0.00025917089699074072,
                          "TotalHours":  0.0062201015277777777,
                          "TotalMilliseconds":  22392.3655,
                          "TotalMinutes":  0.37320609166666668,
                          "TotalSeconds":  22.3923655
                      },
    "Timestamp":  "2025-06-03 22:54:51"
}
