{
  "TestType": "All",
  "TotalTests": 144,
  "PassedTests": 115,
  "FailedTests": 29,
  "SkippedTests": 0,
  "PendingTests": null,
  "Duration": {
    "Ticks": 401141818,
    "Days": 0,
    "Hours": 0,
    "Milliseconds": 114,
    "Microseconds": 181,
    "Nanoseconds": 800,
    "Minutes": 0,
    "Seconds": 40,
    "TotalDays": 0.0004642845115740741,
    "TotalHours": 0.011142828277777777,
    "TotalMilliseconds": 40114.1818,
    "TotalMicroseconds": 40114181.8,
    "TotalNanoseconds": 40114181800.0,
    "TotalMinutes": 0.6685696966666667,
    "TotalSeconds": 40.1141818
  },
  "Success": false,
  "ExecutionTime": {
    "Ticks": 403161120,
    "Days": 0,
    "Hours": 0,
    "Milliseconds": 316,
    "Microseconds": 112,
    "Nanoseconds": 0,
    "Minutes": 0,
    "Seconds": 40,
    "TotalDays": 0.00046662166666666666,
    "TotalHours": 0.01119892,
    "TotalMilliseconds": 40316.112,
    "TotalMicroseconds": 40316112.0,
    "TotalNanoseconds": 40316112000.0,
    "TotalMinutes": 0.6719352,
    "TotalSeconds": 40.316112
  },
  "Timestamp": "2025-06-03 23:22:40"
}
